Circuito,Compuesto,Estado de pista,Duración Estimada (Vueltas),Dif. con C3 (s),Dif. con C2 (s),Dif. con C1 (s),Dif. con CI (s),Dif. con CW (s)
GP de Australia 2025,C3,Seco,27,0.000,-0.358,-0.624,-3.624,-4.624
GP de Australia 2025,C3,Lluvia,22,0.000,-0.358,-0.624,+5.224,+3.724
GP de Australia 2025,C3,Lluvia Extrema,20,0.000,-0.358,-0.624,+4.231,+7.145
GP de Australia 2025,C2,Seco,36,+0.358,0.000,-0.266,-3.266,-4.266
GP de Australia 2025,C2,Lluvia,22,+0.358,0.000,-0.266,+5.024,+3.524
GP de Australia 2025,C2,Lluvia Extrema,20,+0.358,0.000,-0.266,+4.031,+7.045
GP de Australia 2025,C1,Seco,41,+0.624,+0.266,0.000,-3.000,-4.000
GP de Australia 2025,C1,Lluvia,25,+0.624,+0.266,0.000,+4.800,+3.300
GP de Australia 2025,C1,Lluvia Extrema,22,+0.624,+0.266,0.000,+3.800,+6.900
GP de Australia 2025,CI,Seco,22,+3.624,+3.266,+3.000,0.000,-1.072
GP de Australia 2025,CI,Lluvia,22,+5.224,+5.024,+4.800,0.000,-1.087
GP de Australia 2025,CI,Lluvia Extrema,20,+4.231,+4.031,+3.800,0.000,-1.043
GP de Australia 2025,CW,Seco,20,+4.624,+4.266,+4.000,+1.072,0.000
GP de Australia 2025,CW,Lluvia,20,+3.724,+3.524,+3.300,+1.087,0.000
GP de Australia 2025,CW,Lluvia Extrema,18,+7.145,+7.045,+6.900,+1.043,0.000
GP de China 2025,C3,Seco,28,0.000,-0.372,-0.640,-3.576,-4.521
GP de China 2025,C3,Lluvia,23,0.000,-0.372,-0.640,+5.154,+3.954
GP de China 2025,C3,Lluvia Extrema,21,0.000,-0.372,-0.640,+4.131,+7.054
GP de China 2025,C2,Seco,37,+0.372,0.000,-0.268,-3.204,-4.149
GP de China 2025,C2,Lluvia,23,+0.372,0.000,-0.268,+4.784,+3.574
GP de China 2025,C2,Lluvia Extrema,21,+0.372,0.000,-0.268,+3.931,+6.954
GP de China 2025,C1,Seco,42,+0.640,+0.268,0.000,-3.000,-4.000
GP de China 2025,C1,Lluvia,26,+0.640,+0.268,0.000,+4.800,+3.300
GP de China 2025,C1,Lluvia Extrema,23,+0.640,+0.268,0.000,+3.800,+6.900
GP de China 2025,CI,Seco,23,+3.576,+3.204,+3.000,0.000,-1.052
GP de China 2025,CI,Lluvia,23,+5.154,+4.784,+4.800,0.000,-1.073
GP de China 2025,CI,Lluvia Extrema,21,+4.131,+3.931,+3.800,0.000,-1.034
GP de China 2025,CW,Seco,21,+4.521,+4.149,+4.000,+1.052,0.000
GP de China 2025,CW,Lluvia,21,+3.954,+3.574,+3.300,+1.073,0.000
GP de China 2025,CW,Lluvia Extrema,19,+7.054,+6.954,+6.900,+1.034,0.000
GP de Japón 2025,C3,Seco,27,0.000,-0.367,-0.620,-3.702,-4.755
GP de Japón 2025,C3,Lluvia,23,0.000,-0.367,-0.620,+5.184,+3.964
GP de Japón 2025,C3,Lluvia Extrema,21,0.000,-0.367,-0.620,+4.131,+7.045
GP de Japón 2025,C2,Seco,36,+0.367,0.000,-0.253,-3.335,-4.388
GP de Japón 2025,C2,Lluvia,23,+0.367,0.000,-0.253,+4.833,+3.833
GP de Japón 2025,C2,Lluvia Extrema,21,+0.367,0.000,-0.253,+3.800,+6.888
GP de Japón 2025,C1,Seco,42,+0.620,+0.253,0.000,-3.000,-4.000
GP de Japón 2025,C1,Lluvia,26,+0.620,+0.253,0.000,+4.800,+3.300
GP de Japón 2025,C1,Lluvia Extrema,23,+0.620,+0.253,0.000,+3.800,+6.900
GP de Japón 2025,CI,Seco,23,+3.702,+3.335,+3.000,0.000,-1.089
GP de Japón 2025,CI,Lluvia,23,+5.184,+4.833,+4.800,0.000,-1.073
GP de Japón 2025,CI,Lluvia Extrema,21,+4.131,+3.800,+3.800,0.000,-1.045
GP de Japón 2025,CW,Seco,21,+4.755,+4.388,+4.000,+1.089,0.000
GP de Japón 2025,CW,Lluvia,21,+3.964,+3.833,+3.300,+1.073,0.000
GP de Japón 2025,CW,Lluvia Extrema,19,+7.045,+6.888,+6.900,+1.045,0.000
GP de Baréin 2025,C3,Seco,27,0.000,-0.337,-0.585,-3.475,-4.484
GP de Baréin 2025,C3,Lluvia,23,0.000,-0.337,-0.585,+5.112,+3.912
GP de Baréin 2025,C3,Lluvia Extrema,21,0.000,-0.337,-0.585,+4.101,+7.001
GP de Baréin 2025,C2,Seco,36,+0.337,0.000,-0.248,-3.138,-4.147
GP de Baréin 2025,C2,Lluvia,23,+0.337,0.000,-0.248,+4.838,+3.838
GP de Baréin 2025,C2,Lluvia Extrema,21,+0.337,0.000,-0.248,+3.738,+6.738
GP de Baréin 2025,C1,Seco,42,+0.585,+0.248,0.000,-3.000,-4.000
GP de Baréin 2025,C1,Lluvia,26,+0.585,+0.248,0.000,+4.800,+3.300
GP de Baréin 2025,C1,Lluvia Extrema,23,+0.585,+0.248,0.000,+3.800,+6.900
GP de Baréin 2025,CI,Seco,23,+3.475,+3.138,+3.000,0.000,-1.042
GP de Baréin 2025,CI,Lluvia,23,+5.112,+4.838,+4.800,0.000,-1.073
GP de Baréin 2025,CI,Lluvia Extrema,21,+4.101,+3.738,+3.800,0.000,-1.054
GP de Baréin 2025,CW,Seco,21,+4.484,+4.147,+4.000,+1.042,0.000
GP de Baréin 2025,CW,Lluvia,21,+3.912,+3.838,+3.300,+1.073,0.000
GP de Baréin 2025,CW,Lluvia Extrema,19,+7.001,+6.738,+6.900,+1.054,0.000
GP de Arabia Saudita 2025,C3,Seco,27,0.000,-0.365,-0.620,-3.690,-4.730
GP de Arabia Saudita 2025,C3,Lluvia,23,0.000,-0.365,-0.620,+5.200,+3.980
GP de Arabia Saudita 2025,C3,Lluvia Extrema,21,0.000,-0.365,-0.620,+4.100,+7.050
GP de Arabia Saudita 2025,C2,Seco,36,+0.365,0.000,-0.255,-3.325,-4.365
GP de Arabia Saudita 2025,C2,Lluvia,23,+0.365,0.000,-0.255,+4.835,+3.835
GP de Arabia Saudita 2025,C2,Lluvia Extrema,21,+0.365,0.000,-0.255,+3.825,+6.825
GP de Arabia Saudita 2025,C1,Seco,42,+0.620,+0.255,0.000,-3.000,-4.000
GP de Arabia Saudita 2025,C1,Lluvia,26,+0.620,+0.255,0.000,+4.800,+3.300
GP de Arabia Saudita 2025,C1,Lluvia Extrema,23,+0.620,+0.255,0.000,+3.800,+6.900
GP de Arabia Saudita 2025,CI,Seco,23,+3.690,+3.325,+3.000,0.000,-1.068
GP de Arabia Saudita 2025,CI,Lluvia,23,+5.200,+4.835,+4.800,0.000,-1.075
GP de Arabia Saudita 2025,CI,Lluvia Extrema,21,+4.100,+3.825,+3.800,0.000,-1.045
GP de Arabia Saudita 2025,CW,Seco,21,+4.730,+4.365,+4.000,+1.068,0.000
GP de Arabia Saudita 2025,CW,Lluvia,21,+3.980,+3.835,+3.300,+1.075,0.000
GP de Arabia Saudita 2025,CW,Lluvia Extrema,19,+7.050,+6.825,+6.900,+1.045,0.000
GP de Miami 2025,C3,Seco,27,0.000,-0.352,-0.610,-3.582,-4.621
GP de Miami 2025,C3,Lluvia,23,0.000,-0.352,-0.610,+5.180,+3.920
GP de Miami 2025,C3,Lluvia Extrema,21,0.000,-0.352,-0.610,+4.150,+7.030
GP de Miami 2025,C2,Seco,36,+0.352,0.000,-0.258,-3.230,-4.270
GP de Miami 2025,C2,Lluvia,23,+0.352,0.000,-0.258,+4.820,+3.770
GP de Miami 2025,C2,Lluvia Extrema,21,+0.352,0.000,-0.258,+3.870,+6.870
GP de Miami 2025,C1,Seco,42,+0.610,+0.258,0.000,-3.000,-4.000
GP de Miami 2025,C1,Lluvia,26,+0.610,+0.258,0.000,+4.800,+3.300
GP de Miami 2025,C1,Lluvia Extrema,23,+0.610,+0.258,0.000,+3.800,+6.900
GP de Miami 2025,CI,Seco,23,+3.582,+3.230,+3.000,0.000,-1.050
GP de Miami 2025,CI,Lluvia,23,+5.180,+4.820,+4.800,0.000,-1.060
GP de Miami 2025,CI,Lluvia Extrema,21,+4.150,+3.870,+3.800,0.000,-1.045
GP de Miami 2025,CW,Seco,21,+4.621,+4.270,+4.000,+1.050,0.000
GP de Miami 2025,CW,Lluvia,21,+3.920,+3.770,+3.300,+1.060,0.000
GP de Miami 2025,CW,Lluvia Extrema,19,+7.030,+6.870,+6.900,+1.045,0.000
GP de Emilia-Romaña 2025,C3,Seco,27,0.000,-0.364,-0.610,-3.601,-4.612
GP de Emilia-Romaña 2025,C3,Lluvia,23,0.000,-0.364,-0.610,+5.210,+3.910
GP de Emilia-Romaña 2025,C3,Lluvia Extrema,21,0.000,-0.364,-0.610,+4.140,+7.100
GP de Emilia-Romaña 2025,C2,Seco,36,+0.364,0.000,-0.246,-3.237,-4.248
GP de Emilia-Romaña 2025,C2,Lluvia,23,+0.364,0.000,-0.246,+4.810,+3.810
GP de Emilia-Romaña 2025,C2,Lluvia Extrema,21,+0.364,0.000,-0.246,+3.810,+6.810
GP de Emilia-Romaña 2025,C1,Seco,42,+0.610,+0.246,0.000,-3.000,-4.000
GP de Emilia-Romaña 2025,C1,Lluvia,26,+0.610,+0.246,0.000,+4.800,+3.300
GP de Emilia-Romaña 2025,C1,Lluvia Extrema,23,+0.610,+0.246,0.000,+3.800,+6.900
GP de Emilia-Romaña 2025,CI,Seco,23,+3.601,+3.237,+3.000,0.000,-1.050
GP de Emilia-Romaña 2025,CI,Lluvia,23,+5.210,+4.810,+4.800,0.000,-1.060
GP de Emilia-Romaña 2025,CI,Lluvia Extrema,21,+4.140,+3.810,+3.800,0.000,-1.045
GP de Emilia-Romaña 2025,CW,Seco,21,+4.612,+4.248,+4.000,+1.050,0.000
GP de Emilia-Romaña 2025,CW,Lluvia,21,+3.910,+3.810,+3.300,+1.060,0.000
GP de Emilia-Romaña 2025,CW,Lluvia Extrema,19,+7.100,+6.810,+6.900,+1.045,0.000
GP de Mónaco 2025,C3,Seco,27,0.000,-0.384,-0.640,-3.723,-4.734
GP de Mónaco 2025,C3,Lluvia,23,0.000,-0.384,-0.640,+5.230,+3.980
GP de Mónaco 2025,C3,Lluvia Extrema,21,0.000,-0.384,-0.640,+4.110,+7.080
GP de Mónaco 2025,C2,Seco,36,+0.384,0.000,-0.256,-3.339,-4.350
GP de Mónaco 2025,C2,Lluvia,23,+0.384,0.000,-0.256,+4.839,+3.750
GP de Mónaco 2025,C2,Lluvia Extrema,21,+0.384,0.000,-0.256,+3.880,+6.880
GP de Mónaco 2025,C1,Seco,42,+0.640,+0.256,0.000,-3.000,-4.000
GP de Mónaco 2025,C1,Lluvia,26,+0.640,+0.256,0.000,+4.800,+3.300
GP de Mónaco 2025,C1,Lluvia Extrema,23,+0.640,+0.256,0.000,+3.800,+6.900
GP de Mónaco 2025,CI,Seco,23,+3.723,+3.339,+3.000,0.000,-1.050
GP de Mónaco 2025,CI,Lluvia,23,+5.230,+4.839,+4.800,0.000,-1.065
GP de Mónaco 2025,CI,Lluvia Extrema,21,+4.110,+3.880,+3.800,0.000,-1.045
GP de Mónaco 2025,CW,Seco,21,+4.734,+4.350,+4.000,+1.050,0.000
GP de Mónaco 2025,CW,Lluvia,21,+3.980,+3.750,+3.300,+1.065,0.000
GP de Mónaco 2025,CW,Lluvia Extrema,19,+7.080,+6.880,+6.900,+1.045,0.000
GP de España 2025,C3,Seco,27,0.000,-0.375,-0.635,-3.685,-4.675
GP de España 2025,C3,Lluvia,23,0.000,-0.375,-0.635,+5.180,+3.980
GP de España 2025,C3,Lluvia Extrema,21,0.000,-0.375,-0.635,+4.150,+7.050
GP de España 2025,C2,Seco,36,+0.375,0.000,-0.260,-3.310,-4.300
GP de España 2025,C2,Lluvia,23,+0.375,0.000,-0.260,+4.810,+3.760
GP de España 2025,C2,Lluvia Extrema,21,+0.375,0.000,-0.260,+3.850,+6.850
GP de España 2025,C1,Seco,42,+0.635,+0.260,0.000,-3.000,-4.000
GP de España 2025,C1,Lluvia,26,+0.635,+0.260,0.000,+4.800,+3.300
GP de España 2025,C1,Lluvia Extrema,23,+0.635,+0.260,0.000,+3.800,+6.900
GP de España 2025,CI,Seco,23,+3.685,+3.310,+3.000,0.000,-1.060
GP de España 2025,CI,Lluvia,23,+5.180,+4.810,+4.800,0.000,-1.070
GP de España 2025,CI,Lluvia Extrema,21,+4.150,+3.850,+3.800,0.000,-1.050
GP de España 2025,CW,Seco,21,+4.675,+4.300,+4.000,+1.060,0.000
GP de España 2025,CW,Lluvia,21,+3.980,+3.760,+3.300,+1.070,0.000
GP de España 2025,CW,Lluvia Extrema,19,+7.050,+6.850,+6.900,+1.050,0.000
GP de Canadá 2025,C3,Seco,27,0.000,-0.372,-0.640,-3.653,-4.662
GP de Canadá 2025,C3,Lluvia,23,0.000,-0.372,-0.640,+5.212,+3.922
GP de Canadá 2025,C3,Lluvia Extrema,21,0.000,-0.372,-0.640,+4.180,+7.080
GP de Canadá 2025,C2,Seco,36,+0.372,0.000,-0.268,-3.281,-4.290
GP de Canadá 2025,C2,Lluvia,23,+0.372,0.000,-0.268,+4.812,+3.762
GP de Canadá 2025,C2,Lluvia Extrema,21,+0.372,0.000,-0.268,+3.882,+6.882
GP de Canadá 2025,C1,Seco,42,+0.640,+0.268,0.000,-3.000,-4.000
GP de Canadá 2025,C1,Lluvia,26,+0.640,+0.268,0.000,+4.800,+3.300
GP de Canadá 2025,C1,Lluvia Extrema,23,+0.640,+0.268,0.000,+3.800,+6.900
GP de Canadá 2025,CI,Seco,23,+3.653,+3.281,+3.000,0.000,-1.052
GP de Canadá 2025,CI,Lluvia,23,+5.212,+4.812,+4.800,0.000,-1.070
GP de Canadá 2025,CI,Lluvia Extrema,21,+4.180,+3.882,+3.800,0.000,-1.045
GP de Canadá 2025,CW,Seco,21,+4.662,+4.290,+4.000,+1.052,0.000
GP de Canadá 2025,CW,Lluvia,21,+3.922,+3.762,+3.300,+1.070,0.000
GP de Canadá 2025,CW,Lluvia Extrema,19,+7.080,+6.882,+6.900,+1.045,0.000
GP de Austria 2025,C3,Seco,27,0.000,-0.362,-0.623,-3.672,-4.672
GP de Austria 2025,C3,Lluvia,23,0.000,-0.362,-0.623,+5.172,+3.972
GP de Austria 2025,C3,Lluvia Extrema,21,0.000,-0.362,-0.623,+4.112,+7.012
GP de Austria 2025,C2,Seco,36,+0.362,0.000,-0.261,-3.310,-4.310
GP de Austria 2025,C2,Lluvia,23,+0.362,0.000,-0.261,+4.810,+3.760
GP de Austria 2025,C2,Lluvia Extrema,21,+0.362,0.000,-0.261,+3.810,+6.760
GP de Austria 2025,C1,Seco,42,+0.623,+0.261,0.000,-3.000,-4.000
GP de Austria 2025,C1,Lluvia,26,+0.623,+0.261,0.000,+4.800,+3.300
GP de Austria 2025,C1,Lluvia Extrema,23,+0.623,+0.261,0.000,+3.800,+6.900
GP de Austria 2025,CI,Seco,23,+3.672,+3.310,+3.000,0.000,-1.062
GP de Austria 2025,CI,Lluvia,23,+5.172,+4.810,+4.800,0.000,-1.072
GP de Austria 2025,CI,Lluvia Extrema,21,+4.112,+3.810,+3.800,0.000,-1.050
GP de Austria 2025,CW,Seco,21,+4.672,+4.310,+4.000,+1.062,0.000
GP de Austria 2025,CW,Lluvia,21,+3.972,+3.760,+3.300,+1.072,0.000
GP de Austria 2025,CW,Lluvia Extrema,19,+7.012,+6.760,+6.900,+1.050,0.000
GP de Gran Bretaña 2025,C3,Seco,27,0.000,-0.379,-0.643,-3.751,-4.759
GP de Gran Bretaña 2025,C3,Lluvia,23,0.000,-0.379,-0.643,+5.210,+3.950
GP de Gran Bretaña 2025,C3,Lluvia Extrema,21,0.000,-0.379,-0.643,+4.140,+7.020
GP de Gran Bretaña 2025,C2,Seco,36,+0.379,0.000,-0.264,-3.340,-4.348
GP de Gran Bretaña 2025,C2,Lluvia,23,+0.379,0.000,-0.264,+4.840,+3.780
GP de Gran Bretaña 2025,C2,Lluvia Extrema,21,+0.379,0.000,-0.264,+3.880,+6.850
GP de Gran Bretaña 2025,C1,Seco,42,+0.643,+0.264,0.000,-3.000,-4.000
GP de Gran Bretaña 2025,C1,Lluvia,26,+0.643,+0.264,0.000,+4.800,+3.300
GP de Gran Bretaña 2025,C1,Lluvia Extrema,23,+0.643,+0.264,0.000,+3.800,+6.900
GP de Gran Bretaña 2025,CI,Seco,23,+3.751,+3.340,+3.000,0.000,-1.050
GP de Gran Bretaña 2025,CI,Lluvia,23,+5.210,+4.840,+4.800,0.000,-1.070
GP de Gran Bretaña 2025,CI,Lluvia Extrema,21,+4.140,+3.880,+3.800,0.000,-1.045
GP de Gran Bretaña 2025,CW,Seco,21,+4.759,+4.348,+4.000,+1.050,0.000
GP de Gran Bretaña 2025,CW,Lluvia,21,+3.950,+3.780,+3.300,+1.070,0.000
GP de Gran Bretaña 2025,CW,Lluvia Extrema,19,+7.020,+6.850,+6.900,+1.045,0.000
GP de Bélgica 2025,C3,Seco,27,0.000,-0.373,-0.635,-3.745,-4.752
GP de Bélgica 2025,C3,Lluvia,23,0.000,-0.373,-0.635,+5.198,+3.950
GP de Bélgica 2025,C3,Lluvia Extrema,21,0.000,-0.373,-0.635,+4.120,+7.030
GP de Bélgica 2025,C2,Seco,36,+0.373,0.000,-0.262,-3.372,-4.379
GP de Bélgica 2025,C2,Lluvia,23,+0.373,0.000,-0.262,+4.825,+3.750
GP de Bélgica 2025,C2,Lluvia Extrema,21,+0.373,0.000,-0.262,+3.850,+6.850
GP de Bélgica 2025,C1,Seco,42,+0.635,+0.262,0.000,-3.000,-4.000
GP de Bélgica 2025,C1,Lluvia,26,+0.635,+0.262,0.000,+4.800,+3.300
GP de Bélgica 2025,C1,Lluvia Extrema,23,+0.635,+0.262,0.000,+3.800,+6.900
GP de Bélgica 2025,CI,Seco,23,+3.745,+3.372,+3.000,0.000,-1.052
GP de Bélgica 2025,CI,Lluvia,23,+5.198,+4.825,+4.800,0.000,-1.070
GP de Bélgica 2025,CI,Lluvia Extrema,21,+4.120,+3.850,+3.800,0.000,-1.045
GP de Bélgica 2025,CW,Seco,21,+4.752,+4.379,+4.000,+1.052,0.000
GP de Bélgica 2025,CW,Lluvia,21,+3.950,+3.750,+3.300,+1.070,0.000
GP de Bélgica 2025,CW,Lluvia Extrema,19,+7.030,+6.850,+6.900,+1.045,0.000
GP de Hungría 2025,C3,Seco,27,0.000,-0.367,-0.625,-3.684,-4.687
GP de Hungría 2025,C3,Lluvia,23,0.000,-0.367,-0.625,+5.220,+3.980
GP de Hungría 2025,C3,Lluvia Extrema,21,0.000,-0.367,-0.625,+4.150,+7.050
GP de Hungría 2025,C2,Seco,36,+0.367,0.000,-0.258,-3.317,-4.320
GP de Hungría 2025,C2,Lluvia,23,+0.367,0.000,-0.258,+4.817,+3.770
GP de Hungría 2025,C2,Lluvia Extrema,21,+0.367,0.000,-0.258,+3.870,+6.870
GP de Hungría 2025,C1,Seco,42,+0.625,+0.258,0.000,-3.000,-4.000
GP de Hungría 2025,C1,Lluvia,26,+0.625,+0.258,0.000,+4.800,+3.300
GP de Hungría 2025,C1,Lluvia Extrema,23,+0.625,+0.258,0.000,+3.800,+6.900
GP de Hungría 2025,CI,Seco,23,+3.684,+3.317,+3.000,0.000,-1.062
GP de Hungría 2025,CI,Lluvia,23,+5.220,+4.817,+4.800,0.000,-1.070
GP de Hungría 2025,CI,Lluvia Extrema,21,+4.150,+3.870,+3.800,0.000,-1.050
GP de Hungría 2025,CW,Seco,21,+4.687,+4.320,+4.000,+1.062,0.000
GP de Hungría 2025,CW,Lluvia,21,+3.980,+3.770,+3.300,+1.070,0.000
GP de Hungría 2025,CW,Lluvia Extrema,19,+7.050,+6.870,+6.900,+1.050,0.000
GP de Países Bajos 2025,C3,Seco,27,0.000,-0.366,-0.621,-3.701,-4.705
GP de Países Bajos 2025,C3,Lluvia,23,0.000,-0.366,-0.621,+5.200,+3.950
GP de Países Bajos 2025,C3,Lluvia Extrema,21,0.000,-0.366,-0.621,+4.120,+7.030
GP de Países Bajos 2025,C2,Seco,36,+0.366,0.000,-0.255,-3.335,-4.340
GP de Países Bajos 2025,C2,Lluvia,23,+0.366,0.000,-0.255,+4.835,+3.775
GP de Países Bajos 2025,C2,Lluvia Extrema,21,+0.366,0.000,-0.255,+3.835,+6.835
GP de Países Bajos 2025,C1,Seco,42,+0.621,+0.255,0.000,-3.000,-4.000
GP de Países Bajos 2025,C1,Lluvia,26,+0.621,+0.255,0.000,+4.800,+3.300
GP de Países Bajos 2025,C1,Lluvia Extrema,23,+0.621,+0.255,0.000,+3.800,+6.900
GP de Países Bajos 2025,CI,Seco,23,+3.701,+3.335,+3.000,0.000,-1.062
GP de Países Bajos 2025,CI,Lluvia,23,+5.200,+4.835,+4.800,0.000,-1.070
GP de Países Bajos 2025,CI,Lluvia Extrema,21,+4.120,+3.835,+3.800,0.000,-1.045
GP de Países Bajos 2025,CW,Seco,21,+4.705,+4.340,+4.000,+1.062,0.000
GP de Países Bajos 2025,CW,Lluvia,21,+3.950,+3.775,+3.300,+1.070,0.000
GP de Países Bajos 2025,CW,Lluvia Extrema,19,+7.030,+6.835,+6.900,+1.045,0.000
GP de Italia 2025,C3,Seco,27,0.000,-0.358,-0.615,-3.680,-4.682
GP de Italia 2025,C3,Lluvia,23,0.000,-0.358,-0.615,+5.200,+3.960
GP de Italia 2025,C3,Lluvia Extrema,21,0.000,-0.358,-0.615,+4.100,+7.000
GP de Italia 2025,C2,Seco,36,+0.358,0.000,-0.257,-3.322,-4.324
GP de Italia 2025,C2,Lluvia,23,+0.358,0.000,-0.257,+4.858,+3.822
GP de Italia 2025,C2,Lluvia Extrema,21,+0.358,0.000,-0.257,+3.822,+6.822
GP de Italia 2025,C1,Seco,42,+0.615,+0.257,0.000,-3.000,-4.000
GP de Italia 2025,C1,Lluvia,26,+0.615,+0.257,0.000,+4.800,+3.300
GP de Italia 2025,C1,Lluvia Extrema,23,+0.615,+0.257,0.000,+3.800,+6.900
GP de Italia 2025,CI,Seco,23,+3.680,+3.322,+3.000,0.000,-1.050
GP de Italia 2025,CI,Lluvia,23,+5.200,+4.858,+4.800,0.000,-1.065
GP de Italia 2025,CI,Lluvia Extrema,21,+4.100,+3.822,+3.800,0.000,-1.045
GP de Italia 2025,CW,Seco,21,+4.682,+4.324,+4.000,+1.050,0.000
GP de Italia 2025,CW,Lluvia,21,+3.960,+3.822,+3.300,+1.065,0.000
GP de Italia 2025,CW,Lluvia Extrema,19,+7.000,+6.822,+6.900,+1.045,0.000
GP de Azerbaiyán 2025,C3,Seco,27,0.000,-0.362,-0.620,-3.655,-4.660
GP de Azerbaiyán 2025,C3,Lluvia,23,0.000,-0.362,-0.620,+5.150,+3.910
GP de Azerbaiyán 2025,C3,Lluvia Extrema,21,0.000,-0.362,-0.620,+4.100,+7.000
GP de Azerbaiyán 2025,C2,Seco,36,+0.362,0.000,-0.258,-3.293,-4.298
GP de Azerbaiyán 2025,C2,Lluvia,23,+0.362,0.000,-0.258,+4.850,+3.780
GP de Azerbaiyán 2025,C2,Lluvia Extrema,21,+0.362,0.000,-0.258,+3.850,+6.850
GP de Azerbaiyán 2025,C1,Seco,42,+0.620,+0.258,0.000,-3.000,-4.000
GP de Azerbaiyán 2025,C1,Lluvia,26,+0.620,+0.258,0.000,+4.800,+3.300
GP de Azerbaiyán 2025,C1,Lluvia Extrema,23,+0.620,+0.258,0.000,+3.800,+6.900
GP de Azerbaiyán 2025,CI,Seco,23,+3.655,+3.293,+3.000,0.000,-1.050
GP de Azerbaiyán 2025,CI,Lluvia,23,+5.150,+4.850,+4.800,0.000,-1.070
GP de Azerbaiyán 2025,CI,Lluvia Extrema,21,+4.100,+3.850,+3.800,0.000,-1.045
GP de Azerbaiyán 2025,CW,Seco,21,+4.660,+4.298,+4.000,+1.050,0.000
GP de Azerbaiyán 2025,CW,Lluvia,21,+3.910,+3.780,+3.300,+1.070,0.000
GP de Azerbaiyán 2025,CW,Lluvia Extrema,19,+7.000,+6.850,+6.900,+1.045,0.000
GP de Singapur 2025,C3,Seco,27,0.000,-0.374,-0.630,-3.695,-4.700
GP de Singapur 2025,C3,Lluvia,23,0.000,-0.374,-0.630,+5.210,+3.960
GP de Singapur 2025,C3,Lluvia Extrema,21,0.000,-0.374,-0.630,+4.140,+7.020
GP de Singapur 2025,C2,Seco,36,+0.374,0.000,-0.256,-3.321,-4.326
GP de Singapur 2025,C2,Lluvia,23,+0.374,0.000,-0.256,+4.810,+3.770
GP de Singapur 2025,C2,Lluvia Extrema,21,+0.374,0.000,-0.256,+3.870,+6.870
GP de Singapur 2025,C1,Seco,42,+0.630,+0.256,0.000,-3.000,-4.000
GP de Singapur 2025,C1,Lluvia,26,+0.630,+0.256,0.000,+4.800,+3.300
GP de Singapur 2025,C1,Lluvia Extrema,23,+0.630,+0.256,0.000,+3.800,+6.900
GP de Singapur 2025,CI,Seco,23,+3.695,+3.321,+3.000,0.000,-1.050
GP de Singapur 2025,CI,Lluvia,23,+5.210,+4.810,+4.800,0.000,-1.070
GP de Singapur 2025,CI,Lluvia Extrema,21,+4.140,+3.870,+3.800,0.000,-1.045
GP de Singapur 2025,CW,Seco,21,+4.700,+4.326,+4.000,+1.050,0.000
GP de Singapur 2025,CW,Lluvia,21,+3.960,+3.770,+3.300,+1.070,0.000
GP de Singapur 2025,CW,Lluvia Extrema,19,+7.020,+6.870,+6.900,+1.045,0.000
GP de Estados Unidos 2025,C3,Seco,27,0.000,-0.371,-0.630,-3.655,-4.660
GP de Estados Unidos 2025,C3,Lluvia,23,0.000,-0.371,-0.630,+5.180,+3.980
GP de Estados Unidos 2025,C3,Lluvia Extrema,21,0.000,-0.371,-0.630,+4.120,+7.040
GP de Estados Unidos 2025,C2,Seco,36,+0.371,0.000,-0.259,-3.284,-4.289
GP de Estados Unidos 2025,C2,Lluvia,23,+0.371,0.000,-0.259,+4.820,+3.780
GP de Estados Unidos 2025,C2,Lluvia Extrema,21,+0.371,0.000,-0.259,+3.880,+6.880
GP de Estados Unidos 2025,C1,Seco,42,+0.630,+0.259,0.000,-3.000,-4.000
GP de Estados Unidos 2025,C1,Lluvia,26,+0.630,+0.259,0.000,+4.800,+3.300
GP de Estados Unidos 2025,C1,Lluvia Extrema,23,+0.630,+0.259,0.000,+3.800,+6.900
GP de Estados Unidos 2025,CI,Seco,23,+3.655,+3.284,+3.000,0.000,-1.050
GP de Estados Unidos 2025,CI,Lluvia,23,+5.180,+4.820,+4.800,0.000,-1.070
GP de Estados Unidos 2025,CI,Lluvia Extrema,21,+4.120,+3.880,+3.800,0.000,-1.045
GP de Estados Unidos 2025,CW,Seco,21,+4.660,+4.289,+4.000,+1.050,0.000
GP de Estados Unidos 2025,CW,Lluvia,21,+3.980,+3.780,+3.300,+1.070,0.000
GP de Estados Unidos 2025,CW,Lluvia Extrema,19,+7.040,+6.880,+6.900,+1.045,0.000
GP de México 2025,C3,Seco,27,0.000,-0.376,-0.638,-3.705,-4.710
GP de México 2025,C3,Lluvia,23,0.000,-0.376,-0.638,+5.190,+3.960
GP de México 2025,C3,Lluvia Extrema,21,0.000,-0.376,-0.638,+4.130,+7.040
GP de México 2025,C2,Seco,36,+0.376,0.000,-0.262,-3.329,-4.334
GP de México 2025,C2,Lluvia,23,+0.376,0.000,-0.262,+4.830,+3.780
GP de México 2025,C2,Lluvia Extrema,21,+0.376,0.000,-0.262,+3.880,+6.880
GP de México 2025,C1,Seco,42,+0.638,+0.262,0.000,-3.000,-4.000
GP de México 2025,C1,Lluvia,26,+0.638,+0.262,0.000,+4.800,+3.300
GP de México 2025,C1,Lluvia Extrema,23,+0.638,+0.262,0.000,+3.800,+6.900
GP de México 2025,CI,Seco,23,+3.705,+3.329,+3.000,0.000,-1.050
GP de México 2025,CI,Lluvia,23,+5.190,+4.830,+4.800,0.000,-1.070
GP de México 2025,CI,Lluvia Extrema,21,+4.130,+3.880,+3.800,0.000,-1.045
GP de México 2025,CW,Seco,21,+4.710,+4.334,+4.000,+1.050,0.000
GP de México 2025,CW,Lluvia,21,+3.960,+3.780,+3.300,+1.070,0.000
GP de México 2025,CW,Lluvia Extrema,19,+7.040,+6.880,+6.900,+1.045,0.000
GP de Estados Unidos 2025,C3,Seco,27,0.000,-0.365,-0.623,-3.672,-4.675
GP de Estados Unidos 2025,C3,Lluvia,23,0.000,-0.365,-0.623,+5.190,+3.950
GP de Estados Unidos 2025,C3,Lluvia Extrema,21,0.000,-0.365,-0.623,+4.140,+7.020
GP de Estados Unidos 2025,C2,Seco,36,+0.365,0.000,-0.258,-3.310,-4.313
GP de Estados Unidos 2025,C2,Lluvia,23,+0.365,0.000,-0.258,+4.850,+3.780
GP de Estados Unidos 2025,C2,Lluvia Extrema,21,+0.365,0.000,-0.258,+3.860,+6.860
GP de Estados Unidos 2025,C1,Seco,42,+0.623,+0.258,0.000,-3.000,-4.000
GP de Estados Unidos 2025,C1,Lluvia,26,+0.623,+0.258,0.000,+4.800,+3.300
GP de Estados Unidos 2025,C1,Lluvia Extrema,23,+0.623,+0.258,0.000,+3.800,+6.900
GP de Estados Unidos 2025,CI,Seco,23,+3.672,+3.310,+3.000,0.000,-1.050
GP de Estados Unidos 2025,CI,Lluvia,23,+5.190,+4.850,+4.800,0.000,-1.070
GP de Estados Unidos 2025,CI,Lluvia Extrema,21,+4.140,+3.860,+3.800,0.000,-1.045
GP de Estados Unidos 2025,CW,Seco,21,+4.675,+4.313,+4.000,+1.050,0.000
GP de Estados Unidos 2025,CW,Lluvia,21,+3.950,+3.780,+3.300,+1.070,0.000
GP de Estados Unidos 2025,CW,Lluvia Extrema,19,+7.020,+6.860,+6.900,+1.045,0.000
GP de Brasil 2025,C3,Seco,27,0.000,-0.373,-0.633,-3.678,-4.688
GP de Brasil 2025,C3,Lluvia,23,0.000,-0.373,-0.633,+5.180,+3.960
GP de Brasil 2025,C3,Lluvia Extrema,21,0.000,-0.373,-0.633,+4.120,+7.020
GP de Brasil 2025,C2,Seco,36,+0.373,0.000,-0.260,-3.305,-4.315
GP de Brasil 2025,C2,Lluvia,23,+0.373,0.000,-0.260,+4.780,+3.770
GP de Brasil 2025,C2,Lluvia Extrema,21,+0.373,0.000,-0.260,+3.880,+6.880
GP de Brasil 2025,C1,Seco,42,+0.633,+0.260,0.000,-3.000,-4.000
GP de Brasil 2025,C1,Lluvia,26,+0.633,+0.260,0.000,+4.800,+3.300
GP de Brasil 2025,C1,Lluvia Extrema,23,+0.633,+0.260,0.000,+3.800,+6.900
GP de Brasil 2025,CI,Seco,23,+3.678,+3.305,+3.000,0.000,-1.050
GP de Brasil 2025,CI,Lluvia,23,+5.180,+4.780,+4.800,0.000,-1.070
GP de Brasil 2025,CI,Lluvia Extrema,21,+4.120,+3.880,+3.800,0.000,-1.045
GP de Brasil 2025,CW,Seco,21,+4.688,+4.315,+4.000,+1.050,0.000
GP de Brasil 2025,CW,Lluvia,21,+3.960,+3.770,+3.300,+1.070,0.000
GP de Brasil 2025,CW,Lluvia Extrema,19,+7.020,+6.880,+6.900,+1.045,0.000
GP de Estados Unidos 2025,C3,Seco,27,0.000,-0.365,-0.623,-3.672,-4.675
GP de Estados Unidos 2025,C3,Lluvia,23,0.000,-0.365,-0.623,+5.190,+3.950
GP de Estados Unidos 2025,C3,Lluvia Extrema,21,0.000,-0.365,-0.623,+4.140,+7.020
GP de Estados Unidos 2025,C2,Seco,36,+0.365,0.000,-0.258,-3.310,-4.313
GP de Estados Unidos 2025,C2,Lluvia,23,+0.365,0.000,-0.258,+4.850,+3.780
GP de Estados Unidos 2025,C2,Lluvia Extrema,21,+0.365,0.000,-0.258,+3.860,+6.860
GP de Estados Unidos 2025,C1,Seco,42,+0.623,+0.258,0.000,-3.000,-4.000
GP de Estados Unidos 2025,C1,Lluvia,26,+0.623,+0.258,0.000,+4.800,+3.300
GP de Estados Unidos 2025,C1,Lluvia Extrema,23,+0.623,+0.258,0.000,+3.800,+6.900
GP de Estados Unidos 2025,CI,Seco,23,+3.672,+3.310,+3.000,0.000,-1.050
GP de Estados Unidos 2025,CI,Lluvia,23,+5.190,+4.850,+4.800,0.000,-1.070
GP de Estados Unidos 2025,CI,Lluvia Extrema,21,+4.140,+3.860,+3.800,0.000,-1.045
GP de Estados Unidos 2025,CW,Seco,21,+4.675,+4.313,+4.000,+1.050,0.000
GP de Estados Unidos 2025,CW,Lluvia,21,+3.950,+3.780,+3.300,+1.070,0.000
GP de Estados Unidos 2025,CW,Lluvia Extrema,19,+7.020,+6.860,+6.900,+1.045,0.000
GP de Catar 2025,C3,Seco,27,0.000,-0.361,-0.619,-3.662,-4.667
GP de Catar 2025,C3,Lluvia,23,0.000,-0.361,-0.619,+5.170,+3.950
GP de Catar 2025,C3,Lluvia Extrema,21,0.000,-0.361,-0.619,+4.110,+7.010
GP de Catar 2025,C2,Seco,36,+0.361,0.000,-0.258,-3.301,-4.306
GP de Catar 2025,C2,Lluvia,23,+0.361,0.000,-0.258,+4.810,+3.770
GP de Catar 2025,C2,Lluvia Extrema,21,+0.361,0.000,-0.258,+3.810,+6.810
GP de Catar 2025,C1,Seco,42,+0.619,+0.258,0.000,-3.000,-4.000
GP de Catar 2025,C1,Lluvia,26,+0.619,+0.258,0.000,+4.800,+3.300
GP de Catar 2025,C1,Lluvia Extrema,23,+0.619,+0.258,0.000,+3.800,+6.900
GP de Catar 2025,CI,Seco,23,+3.662,+3.301,+3.000,0.000,-1.050
GP de Catar 2025,CI,Lluvia,23,+5.170,+4.810,+4.800,0.000,-1.070
GP de Catar 2025,CI,Lluvia Extrema,21,+4.110,+3.810,+3.800,0.000,-1.045
GP de Catar 2025,CW,Seco,21,+4.667,+4.306,+4.000,+1.050,0.000
GP de Catar 2025,CW,Lluvia,21,+3.950,+3.770,+3.300,+1.070,0.000
GP de Catar 2025,CW,Lluvia Extrema,19,+7.010,+6.810,+6.900,+1.045,0.000
GP de Abu Dabi 2025,C3,Seco,27,0.000,-0.362,-0.617,-3.653,-4.657
GP de Abu Dabi 2025,C3,Lluvia,23,0.000,-0.362,-0.617,+5.170,+3.960
GP de Abu Dabi 2025,C3,Lluvia Extrema,21,0.000,-0.362,-0.617,+4.110,+7.010
GP de Abu Dabi 2025,C2,Seco,36,+0.362,0.000,-0.255,-3.291,-4.296
GP de Abu Dabi 2025,C2,Lluvia,23,+0.362,0.000,-0.255,+4.810,+3.770
GP de Abu Dabi 2025,C2,Lluvia Extrema,21,+0.362,0.000,-0.255,+3.810,+6.810
GP de Abu Dabi 2025,C1,Seco,42,+0.617,+0.255,0.000,-3.000,-4.000
GP de Abu Dabi 2025,C1,Lluvia,26,+0.617,+0.255,0.000,+4.800,+3.300
GP de Abu Dabi 2025,C1,Lluvia Extrema,23,+0.617,+0.255,0.000,+3.800,+6.900
GP de Abu Dabi 2025,CI,Seco,23,+3.653,+3.291,+3.000,0.000,-1.050
GP de Abu Dabi 2025,CI,Lluvia,23,+5.170,+4.810,+4.800,0.000,-1.070
GP de Abu Dabi 2025,CI,Lluvia Extrema,21,+4.110,+3.810,+3.800,0.000,-1.045
GP de Abu Dabi 2025,CW,Seco,21,+4.657,+4.296,+4.000,+1.050,0.000
GP de Abu Dabi 2025,CW,Lluvia,21,+3.960,+3.770,+3.300,+1.070,0.000
GP de Abu Dabi 2025,CW,Lluvia Extrema,19,+7.010,+6.810,+6.900,+1.045,0.000
